--------------------------------------------------------
--  File created - Wednesday-September-13-2023   
--------------------------------------------------------
--------------------------------------------------------
--  DDL for Table ADDRESS
--------------------------------------------------------

  CREATE TABLE "SYS"."ADDRESS" 
   (	"ID" RAW(255), 
	"ADDRESS1" VARCHAR2(255 CHAR), 
	"ADDRESS2" VARCHAR2(255 CHAR), 
	"CITY" VARCHAR2(255 CHAR), 
	"COUNTRY" VARCHAR2(255 CHAR), 
	"STATE" VARCHAR2(255 CHAR), 
	"ZIP_CODE" VARCHAR2(255 CHAR)
   ) PCTFREE 10 PCTUSED 40 INITRANS 1 MAXTRANS 255 
 NOCOMPRESS LOGGING
  STORAGE(INITIAL 65536 NEXT 1048576 MINEXTENTS 1 MAXEXTENTS 2147483645
  PCTINCREASE 0 FREELISTS 1 FREELIST GROUPS 1
  BUFFER_POOL DEFAULT FLASH_CACHE DEFAULT CELL_FLASH_CACHE DEFAULT)
  TABLESPACE "SYSTEM" ;
--------------------------------------------------------
--  DDL for Table ACCOUNT
--------------------------------------------------------

  CREATE TABLE "SYS"."ACCOUNT" 
   (	"ID" RAW(255), 
	"ACCOUNT_BALANCE" FLOAT(126), 
	"ACCOUNT_NO" VARCHAR2(255 CHAR), 
	"ACCOUNT_STATUS" VARCHAR2(255 CHAR), 
	"ACCOUNT_TYPE" VARCHAR2(255 CHAR), 
	"CREATE_DATE_TIME" DATE, 
	"UPDATE_DATE_TIME" DATE
   ) PCTFREE 10 PCTUSED 40 INITRANS 1 MAXTRANS 255 
 NOCOMPRESS LOGGING
  STORAGE(INITIAL 65536 NEXT 1048576 MINEXTENTS 1 MAXEXTENTS 2147483645
  PCTINCREASE 0 FREELISTS 1 FREELIST GROUPS 1
  BUFFER_POOL DEFAULT FLASH_CACHE DEFAULT CELL_FLASH_CACHE DEFAULT)
  TABLESPACE "SYSTEM" ;
--------------------------------------------------------
--  DDL for Table CONTACT
--------------------------------------------------------

  CREATE TABLE "SYS"."CONTACT" 
   (	"ID" RAW(255), 
	"HOME_PHONE" VARCHAR2(255 CHAR), 
	"MOBILE_PHONE" VARCHAR2(255 CHAR), 
	"WORK_PHONE" VARCHAR2(255 CHAR)
   ) PCTFREE 10 PCTUSED 40 INITRANS 1 MAXTRANS 255 
 NOCOMPRESS LOGGING
  STORAGE(INITIAL 65536 NEXT 1048576 MINEXTENTS 1 MAXEXTENTS 2147483645
  PCTINCREASE 0 FREELISTS 1 FREELIST GROUPS 1
  BUFFER_POOL DEFAULT FLASH_CACHE DEFAULT CELL_FLASH_CACHE DEFAULT)
  TABLESPACE "SYSTEM" ;
--------------------------------------------------------
--  DDL for Table TRANSACTIONS
--------------------------------------------------------

  CREATE TABLE "SYS"."TRANSACTIONS" 
   (	"ID" RAW(255), 
	"TRANSFER_FROM" VARCHAR2(255 CHAR), 
	"TRANSFER_TO" VARCHAR2(255 CHAR), 
	"TX_AMOUNT" FLOAT(126), 
	"TX_DATE_TIME" TIMESTAMP (6), 
	"TX_TYPE" VARCHAR2(255 CHAR), 
	"ACCOUNT_ID" RAW(255)
   ) PCTFREE 10 PCTUSED 40 INITRANS 1 MAXTRANS 255 
 NOCOMPRESS LOGGING
  STORAGE(INITIAL 65536 NEXT 1048576 MINEXTENTS 1 MAXEXTENTS 2147483645
  PCTINCREASE 0 FREELISTS 1 FREELIST GROUPS 1
  BUFFER_POOL DEFAULT FLASH_CACHE DEFAULT CELL_FLASH_CACHE DEFAULT)
  TABLESPACE "SYSTEM" ;
--------------------------------------------------------
--  DDL for Table USERS
--------------------------------------------------------

  CREATE TABLE "SYS"."USERS" 
   (	"ID" RAW(255), 
	"AGE" NUMBER(10,0), 
	"DOB" TIMESTAMP (6), 
	"EMAIL" VARCHAR2(255 CHAR), 
	"ACTIVE" NUMBER(1,0), 
	"FIRST_NAME" VARCHAR2(255 CHAR), 
	"LAST_NAME" VARCHAR2(255 CHAR), 
	"PASSWORD" VARCHAR2(255 CHAR), 
	"STATUS" VARCHAR2(255 CHAR), 
	"USERNAME" VARCHAR2(255 CHAR), 
	"CUSTOMER_ADDRESS_ID" RAW(255)
   ) PCTFREE 10 PCTUSED 40 INITRANS 1 MAXTRANS 255 
 NOCOMPRESS LOGGING
  STORAGE(INITIAL 65536 NEXT 1048576 MINEXTENTS 1 MAXEXTENTS 2147483645
  PCTINCREASE 0 FREELISTS 1 FREELIST GROUPS 1
  BUFFER_POOL DEFAULT FLASH_CACHE DEFAULT CELL_FLASH_CACHE DEFAULT)
  TABLESPACE "SYSTEM" ;
--------------------------------------------------------
--  DDL for Table ROLE
--------------------------------------------------------

  CREATE TABLE "SYS"."ROLE" 
   (	"ID" NUMBER(19,0), 
	"ROLE_DESC" VARCHAR2(255 CHAR)
   ) PCTFREE 10 PCTUSED 40 INITRANS 1 MAXTRANS 255 
 NOCOMPRESS LOGGING
  STORAGE(INITIAL 65536 NEXT 1048576 MINEXTENTS 1 MAXEXTENTS 2147483645
  PCTINCREASE 0 FREELISTS 1 FREELIST GROUPS 1
  BUFFER_POOL DEFAULT FLASH_CACHE DEFAULT CELL_FLASH_CACHE DEFAULT)
  TABLESPACE "SYSTEM" ;
--------------------------------------------------------
--  DDL for Table ROLES_PRIVILEGES
--------------------------------------------------------

  CREATE TABLE "SYS"."ROLES_PRIVILEGES" 
   (	"ROLE_ID" NUMBER(19,0), 
	"PRIVILEGE_ID" NUMBER(19,0)
   ) PCTFREE 10 PCTUSED 40 INITRANS 1 MAXTRANS 255 
 NOCOMPRESS LOGGING
  STORAGE(INITIAL 65536 NEXT 1048576 MINEXTENTS 1 MAXEXTENTS 2147483645
  PCTINCREASE 0 FREELISTS 1 FREELIST GROUPS 1
  BUFFER_POOL DEFAULT FLASH_CACHE DEFAULT CELL_FLASH_CACHE DEFAULT)
  TABLESPACE "SYSTEM" ;
--------------------------------------------------------
--  DDL for Table USERS_ROLES
--------------------------------------------------------

  CREATE TABLE "SYS"."USERS_ROLES" 
   (	"USER_ID" RAW(255), 
	"ROLE_ID" NUMBER(19,0)
   ) PCTFREE 10 PCTUSED 40 INITRANS 1 MAXTRANS 255 
 NOCOMPRESS LOGGING
  STORAGE(INITIAL 65536 NEXT 1048576 MINEXTENTS 1 MAXEXTENTS 2147483645
  PCTINCREASE 0 FREELISTS 1 FREELIST GROUPS 1
  BUFFER_POOL DEFAULT FLASH_CACHE DEFAULT CELL_FLASH_CACHE DEFAULT)
  TABLESPACE "SYSTEM" ;
--------------------------------------------------------
--  DDL for Table PRIVILEGE
--------------------------------------------------------

  CREATE TABLE "SYS"."PRIVILEGE" 
   (	"ID" NUMBER(19,0), 
	"NAME" VARCHAR2(255 CHAR)
   ) PCTFREE 10 PCTUSED 40 INITRANS 1 MAXTRANS 255 
 NOCOMPRESS LOGGING
  STORAGE(INITIAL 65536 NEXT 1048576 MINEXTENTS 1 MAXEXTENTS 2147483645
  PCTINCREASE 0 FREELISTS 1 FREELIST GROUPS 1
  BUFFER_POOL DEFAULT FLASH_CACHE DEFAULT CELL_FLASH_CACHE DEFAULT)
  TABLESPACE "SYSTEM" ;
REM INSERTING into SYS.ADDRESS
SET DEFINE OFF;
REM INSERTING into SYS.ACCOUNT
SET DEFINE OFF;
Insert into SYS.ACCOUNT (ID,ACCOUNT_BALANCE,ACCOUNT_NO,ACCOUNT_STATUS,ACCOUNT_TYPE,CREATE_DATE_TIME,UPDATE_DATE_TIME) values ('16EE0DEDAFD94969A345893F6ED182BC',3508.05,'952479-2375','ACTIVE','SAVINGS',null,null);
Insert into SYS.ACCOUNT (ID,ACCOUNT_BALANCE,ACCOUNT_NO,ACCOUNT_STATUS,ACCOUNT_TYPE,CREATE_DATE_TIME,UPDATE_DATE_TIME) values ('70E34A262BBE4D62B74511BF5A4EE492',52612.48,'215794-4519','ACTIVE','TERM DEPOSIT',null,null);
Insert into SYS.ACCOUNT (ID,ACCOUNT_BALANCE,ACCOUNT_NO,ACCOUNT_STATUS,ACCOUNT_TYPE,CREATE_DATE_TIME,UPDATE_DATE_TIME) values ('2000C6207160468EB9902D0CBC8EBAD7',159677.58,'803681-3678','ACTIVE','INTERNET BANKING',null,null);
REM INSERTING into SYS.CONTACT
SET DEFINE OFF;
Insert into SYS.CONTACT (ID,HOME_PHONE,MOBILE_PHONE,WORK_PHONE) values ('0D0A236EF5D84FD982B91BAF59B88EA9','419-800-6759','931-313-9635','605-794-4895');
Insert into SYS.CONTACT (ID,HOME_PHONE,MOBILE_PHONE,WORK_PHONE) values ('81D8CD68985449F9BE48455890750A20','715-662-6764','201-709-6245','212-934-5167');
Insert into SYS.CONTACT (ID,HOME_PHONE,MOBILE_PHONE,WORK_PHONE) values ('7E91B521023D40DB977D0E77A4F12E77','414-377-2880','913-413-4604','212-753-2740');
REM INSERTING into SYS.TRANSACTIONS
SET DEFINE OFF;
REM INSERTING into SYS.USERS
SET DEFINE OFF;
Insert into SYS.USERS (ID,AGE,DOB,EMAIL,ACTIVE,FIRST_NAME,LAST_NAME,PASSWORD,STATUS,USERNAME,CUSTOMER_ADDRESS_ID) values ('65BDDC9DDFEA40A5B05D3F58534D9647',0,null,'admin@dbs-banking.com.sg',1,'Test','Test','$2a$10$xlqvsTrTPfeasuuIdMqwn.8kU6Bjyh.k5uQCqn9g8hm/FPBIwCb3O','active','admin',null);
Insert into SYS.USERS (ID,AGE,DOB,EMAIL,ACTIVE,FIRST_NAME,LAST_NAME,PASSWORD,STATUS,USERNAME,CUSTOMER_ADDRESS_ID) values ('2FAA7DCB2D0D4E2084494FD791EFB019',0,null,'kristy.yang@baidu.com.cn',1,'kristy','yang','$2a$10$YxlMvb4bd0j/IKsMcAUxa.FdggnbqZ8cUDfUzeglZNA1XAIom9vNS','active','kristy.yang',null);
Insert into SYS.USERS (ID,AGE,DOB,EMAIL,ACTIVE,FIRST_NAME,LAST_NAME,PASSWORD,STATUS,USERNAME,CUSTOMER_ADDRESS_ID) values ('00EBC26C9B4846FB93BA0036E6A5EF0F',0,null,'janet.lee@yahoo.com.tw',1,'janet','lee','$2a$10$pMRNeFjMgMe7EDBpt6NUOu9wjKFEDfYn.UysYZrxjJLg.ndZthKK.','active','janet.lee',null);
Insert into SYS.USERS (ID,AGE,DOB,EMAIL,ACTIVE,FIRST_NAME,LAST_NAME,PASSWORD,STATUS,USERNAME,CUSTOMER_ADDRESS_ID) values ('A953C7800960426DA6B7511ABC2AD3B6',0,null,'bill.gates@msn.com',1,'bill','gates','$2a$10$Yx5fsFQJpOwsCg3Y0IRnueeaRwVKyvhP1daqFwdmknI/6BHDIsCuO','active','bill.gates',null);
REM INSERTING into SYS.ROLE
SET DEFINE OFF;
Insert into SYS.ROLE (ID,ROLE_DESC) values (4,'ADMIN');
Insert into SYS.ROLE (ID,ROLE_DESC) values (5,'USER');
REM INSERTING into SYS.ROLES_PRIVILEGES
SET DEFINE OFF;
Insert into SYS.ROLES_PRIVILEGES (ROLE_ID,PRIVILEGE_ID) values (4,1);
Insert into SYS.ROLES_PRIVILEGES (ROLE_ID,PRIVILEGE_ID) values (4,2);
Insert into SYS.ROLES_PRIVILEGES (ROLE_ID,PRIVILEGE_ID) values (4,3);
Insert into SYS.ROLES_PRIVILEGES (ROLE_ID,PRIVILEGE_ID) values (5,1);
Insert into SYS.ROLES_PRIVILEGES (ROLE_ID,PRIVILEGE_ID) values (5,3);
REM INSERTING into SYS.USERS_ROLES
SET DEFINE OFF;
Insert into SYS.USERS_ROLES (USER_ID,ROLE_ID) values ('65BDDC9DDFEA40A5B05D3F58534D9647',4);
Insert into SYS.USERS_ROLES (USER_ID,ROLE_ID) values ('2FAA7DCB2D0D4E2084494FD791EFB019',5);
Insert into SYS.USERS_ROLES (USER_ID,ROLE_ID) values ('00EBC26C9B4846FB93BA0036E6A5EF0F',5);
Insert into SYS.USERS_ROLES (USER_ID,ROLE_ID) values ('A953C7800960426DA6B7511ABC2AD3B6',5);
REM INSERTING into SYS.PRIVILEGE
SET DEFINE OFF;
Insert into SYS.PRIVILEGE (ID,NAME) values (1,'READ_PRIVILEGE');
Insert into SYS.PRIVILEGE (ID,NAME) values (2,'WRITE_PRIVILEGE');
Insert into SYS.PRIVILEGE (ID,NAME) values (3,'CHANGE_PASSWORD_PRIVILEGE');
--------------------------------------------------------
--  DDL for Index SYS_C008317
--------------------------------------------------------

  CREATE UNIQUE INDEX "SYS"."SYS_C008317" ON "SYS"."ADDRESS" ("ID") 
  PCTFREE 10 INITRANS 2 MAXTRANS 255 COMPUTE STATISTICS 
  STORAGE(INITIAL 65536 NEXT 1048576 MINEXTENTS 1 MAXEXTENTS 2147483645
  PCTINCREASE 0 FREELISTS 1 FREELIST GROUPS 1
  BUFFER_POOL DEFAULT FLASH_CACHE DEFAULT CELL_FLASH_CACHE DEFAULT)
  TABLESPACE "SYSTEM" ;
--------------------------------------------------------
--  DDL for Index SYS_C008315
--------------------------------------------------------

  CREATE UNIQUE INDEX "SYS"."SYS_C008315" ON "SYS"."ACCOUNT" ("ID") 
  PCTFREE 10 INITRANS 2 MAXTRANS 255 COMPUTE STATISTICS 
  STORAGE(INITIAL 65536 NEXT 1048576 MINEXTENTS 1 MAXEXTENTS 2147483645
  PCTINCREASE 0 FREELISTS 1 FREELIST GROUPS 1
  BUFFER_POOL DEFAULT FLASH_CACHE DEFAULT CELL_FLASH_CACHE DEFAULT)
  TABLESPACE "SYSTEM" ;
--------------------------------------------------------
--  DDL for Index SYS_C008321
--------------------------------------------------------

  CREATE UNIQUE INDEX "SYS"."SYS_C008321" ON "SYS"."CONTACT" ("ID") 
  PCTFREE 10 INITRANS 2 MAXTRANS 255 COMPUTE STATISTICS 
  STORAGE(INITIAL 65536 NEXT 1048576 MINEXTENTS 1 MAXEXTENTS 2147483645
  PCTINCREASE 0 FREELISTS 1 FREELIST GROUPS 1
  BUFFER_POOL DEFAULT FLASH_CACHE DEFAULT CELL_FLASH_CACHE DEFAULT)
  TABLESPACE "SYSTEM" ;
--------------------------------------------------------
--  DDL for Index SYS_C008330
--------------------------------------------------------

  CREATE UNIQUE INDEX "SYS"."SYS_C008330" ON "SYS"."TRANSACTIONS" ("ID") 
  PCTFREE 10 INITRANS 2 MAXTRANS 255 COMPUTE STATISTICS 
  STORAGE(INITIAL 65536 NEXT 1048576 MINEXTENTS 1 MAXEXTENTS 2147483645
  PCTINCREASE 0 FREELISTS 1 FREELIST GROUPS 1
  BUFFER_POOL DEFAULT FLASH_CACHE DEFAULT CELL_FLASH_CACHE DEFAULT)
  TABLESPACE "SYSTEM" ;
--------------------------------------------------------
--  DDL for Index SYS_C008334
--------------------------------------------------------

  CREATE UNIQUE INDEX "SYS"."SYS_C008334" ON "SYS"."USERS" ("ID") 
  PCTFREE 10 INITRANS 2 MAXTRANS 255 COMPUTE STATISTICS 
  STORAGE(INITIAL 65536 NEXT 1048576 MINEXTENTS 1 MAXEXTENTS 2147483645
  PCTINCREASE 0 FREELISTS 1 FREELIST GROUPS 1
  BUFFER_POOL DEFAULT FLASH_CACHE DEFAULT CELL_FLASH_CACHE DEFAULT)
  TABLESPACE "SYSTEM" ;
--------------------------------------------------------
--  DDL for Index SYS_C008326
--------------------------------------------------------

  CREATE UNIQUE INDEX "SYS"."SYS_C008326" ON "SYS"."ROLE" ("ID") 
  PCTFREE 10 INITRANS 2 MAXTRANS 255 COMPUTE STATISTICS 
  STORAGE(INITIAL 65536 NEXT 1048576 MINEXTENTS 1 MAXEXTENTS 2147483645
  PCTINCREASE 0 FREELISTS 1 FREELIST GROUPS 1
  BUFFER_POOL DEFAULT FLASH_CACHE DEFAULT CELL_FLASH_CACHE DEFAULT)
  TABLESPACE "SYSTEM" ;
--------------------------------------------------------
--  DDL for Index UK_NDCEWJFF9NRM2VBDLCNPUIUQ9
--------------------------------------------------------

  CREATE UNIQUE INDEX "SYS"."UK_NDCEWJFF9NRM2VBDLCNPUIUQ9" ON "SYS"."ROLE" ("ROLE_DESC") 
  PCTFREE 10 INITRANS 2 MAXTRANS 255 COMPUTE STATISTICS 
  STORAGE(INITIAL 65536 NEXT 1048576 MINEXTENTS 1 MAXEXTENTS 2147483645
  PCTINCREASE 0 FREELISTS 1 FREELIST GROUPS 1
  BUFFER_POOL DEFAULT FLASH_CACHE DEFAULT CELL_FLASH_CACHE DEFAULT)
  TABLESPACE "SYSTEM" ;
--------------------------------------------------------
--  DDL for Index SYS_C008323
--------------------------------------------------------

  CREATE UNIQUE INDEX "SYS"."SYS_C008323" ON "SYS"."PRIVILEGE" ("ID") 
  PCTFREE 10 INITRANS 2 MAXTRANS 255 COMPUTE STATISTICS 
  STORAGE(INITIAL 65536 NEXT 1048576 MINEXTENTS 1 MAXEXTENTS 2147483645
  PCTINCREASE 0 FREELISTS 1 FREELIST GROUPS 1
  BUFFER_POOL DEFAULT FLASH_CACHE DEFAULT CELL_FLASH_CACHE DEFAULT)
  TABLESPACE "SYSTEM" ;
--------------------------------------------------------
--  Constraints for Table ADDRESS
--------------------------------------------------------

  ALTER TABLE "SYS"."ADDRESS" MODIFY ("ID" NOT NULL ENABLE);
  ALTER TABLE "SYS"."ADDRESS" ADD PRIMARY KEY ("ID")
  USING INDEX PCTFREE 10 INITRANS 2 MAXTRANS 255 COMPUTE STATISTICS 
  STORAGE(INITIAL 65536 NEXT 1048576 MINEXTENTS 1 MAXEXTENTS 2147483645
  PCTINCREASE 0 FREELISTS 1 FREELIST GROUPS 1
  BUFFER_POOL DEFAULT FLASH_CACHE DEFAULT CELL_FLASH_CACHE DEFAULT)
  TABLESPACE "SYSTEM"  ENABLE;
--------------------------------------------------------
--  Constraints for Table ACCOUNT
--------------------------------------------------------

  ALTER TABLE "SYS"."ACCOUNT" MODIFY ("ID" NOT NULL ENABLE);
  ALTER TABLE "SYS"."ACCOUNT" ADD PRIMARY KEY ("ID")
  USING INDEX PCTFREE 10 INITRANS 2 MAXTRANS 255 COMPUTE STATISTICS 
  STORAGE(INITIAL 65536 NEXT 1048576 MINEXTENTS 1 MAXEXTENTS 2147483645
  PCTINCREASE 0 FREELISTS 1 FREELIST GROUPS 1
  BUFFER_POOL DEFAULT FLASH_CACHE DEFAULT CELL_FLASH_CACHE DEFAULT)
  TABLESPACE "SYSTEM"  ENABLE;
--------------------------------------------------------
--  Constraints for Table CONTACT
--------------------------------------------------------

  ALTER TABLE "SYS"."CONTACT" MODIFY ("ID" NOT NULL ENABLE);
  ALTER TABLE "SYS"."CONTACT" ADD PRIMARY KEY ("ID")
  USING INDEX PCTFREE 10 INITRANS 2 MAXTRANS 255 COMPUTE STATISTICS 
  STORAGE(INITIAL 65536 NEXT 1048576 MINEXTENTS 1 MAXEXTENTS 2147483645
  PCTINCREASE 0 FREELISTS 1 FREELIST GROUPS 1
  BUFFER_POOL DEFAULT FLASH_CACHE DEFAULT CELL_FLASH_CACHE DEFAULT)
  TABLESPACE "SYSTEM"  ENABLE;
--------------------------------------------------------
--  Constraints for Table TRANSACTIONS
--------------------------------------------------------

  ALTER TABLE "SYS"."TRANSACTIONS" MODIFY ("ID" NOT NULL ENABLE);
  ALTER TABLE "SYS"."TRANSACTIONS" ADD PRIMARY KEY ("ID")
  USING INDEX PCTFREE 10 INITRANS 2 MAXTRANS 255 COMPUTE STATISTICS 
  STORAGE(INITIAL 65536 NEXT 1048576 MINEXTENTS 1 MAXEXTENTS 2147483645
  PCTINCREASE 0 FREELISTS 1 FREELIST GROUPS 1
  BUFFER_POOL DEFAULT FLASH_CACHE DEFAULT CELL_FLASH_CACHE DEFAULT)
  TABLESPACE "SYSTEM"  ENABLE;
--------------------------------------------------------
--  Constraints for Table USERS
--------------------------------------------------------

  ALTER TABLE "SYS"."USERS" MODIFY ("ID" NOT NULL ENABLE);
  ALTER TABLE "SYS"."USERS" MODIFY ("EMAIL" NOT NULL ENABLE);
  ALTER TABLE "SYS"."USERS" MODIFY ("PASSWORD" NOT NULL ENABLE);
  ALTER TABLE "SYS"."USERS" ADD PRIMARY KEY ("ID")
  USING INDEX PCTFREE 10 INITRANS 2 MAXTRANS 255 COMPUTE STATISTICS 
  STORAGE(INITIAL 65536 NEXT 1048576 MINEXTENTS 1 MAXEXTENTS 2147483645
  PCTINCREASE 0 FREELISTS 1 FREELIST GROUPS 1
  BUFFER_POOL DEFAULT FLASH_CACHE DEFAULT CELL_FLASH_CACHE DEFAULT)
  TABLESPACE "SYSTEM"  ENABLE;
--------------------------------------------------------
--  Constraints for Table ROLE
--------------------------------------------------------

  ALTER TABLE "SYS"."ROLE" MODIFY ("ID" NOT NULL ENABLE);
  ALTER TABLE "SYS"."ROLE" MODIFY ("ROLE_DESC" NOT NULL ENABLE);
  ALTER TABLE "SYS"."ROLE" ADD PRIMARY KEY ("ID")
  USING INDEX PCTFREE 10 INITRANS 2 MAXTRANS 255 COMPUTE STATISTICS 
  STORAGE(INITIAL 65536 NEXT 1048576 MINEXTENTS 1 MAXEXTENTS 2147483645
  PCTINCREASE 0 FREELISTS 1 FREELIST GROUPS 1
  BUFFER_POOL DEFAULT FLASH_CACHE DEFAULT CELL_FLASH_CACHE DEFAULT)
  TABLESPACE "SYSTEM"  ENABLE;
  ALTER TABLE "SYS"."ROLE" ADD CONSTRAINT "UK_NDCEWJFF9NRM2VBDLCNPUIUQ9" UNIQUE ("ROLE_DESC")
  USING INDEX PCTFREE 10 INITRANS 2 MAXTRANS 255 COMPUTE STATISTICS 
  STORAGE(INITIAL 65536 NEXT 1048576 MINEXTENTS 1 MAXEXTENTS 2147483645
  PCTINCREASE 0 FREELISTS 1 FREELIST GROUPS 1
  BUFFER_POOL DEFAULT FLASH_CACHE DEFAULT CELL_FLASH_CACHE DEFAULT)
  TABLESPACE "SYSTEM"  ENABLE;
--------------------------------------------------------
--  Constraints for Table ROLES_PRIVILEGES
--------------------------------------------------------

  ALTER TABLE "SYS"."ROLES_PRIVILEGES" MODIFY ("ROLE_ID" NOT NULL ENABLE);
  ALTER TABLE "SYS"."ROLES_PRIVILEGES" MODIFY ("PRIVILEGE_ID" NOT NULL ENABLE);
--------------------------------------------------------
--  Constraints for Table USERS_ROLES
--------------------------------------------------------

  ALTER TABLE "SYS"."USERS_ROLES" MODIFY ("USER_ID" NOT NULL ENABLE);
  ALTER TABLE "SYS"."USERS_ROLES" MODIFY ("ROLE_ID" NOT NULL ENABLE);
--------------------------------------------------------
--  Constraints for Table PRIVILEGE
--------------------------------------------------------

  ALTER TABLE "SYS"."PRIVILEGE" MODIFY ("ID" NOT NULL ENABLE);
  ALTER TABLE "SYS"."PRIVILEGE" ADD PRIMARY KEY ("ID")
  USING INDEX PCTFREE 10 INITRANS 2 MAXTRANS 255 COMPUTE STATISTICS 
  STORAGE(INITIAL 65536 NEXT 1048576 MINEXTENTS 1 MAXEXTENTS 2147483645
  PCTINCREASE 0 FREELISTS 1 FREELIST GROUPS 1
  BUFFER_POOL DEFAULT FLASH_CACHE DEFAULT CELL_FLASH_CACHE DEFAULT)
  TABLESPACE "SYSTEM"  ENABLE;
--------------------------------------------------------
--  Ref Constraints for Table TRANSACTIONS
--------------------------------------------------------

  ALTER TABLE "SYS"."TRANSACTIONS" ADD CONSTRAINT "FKFYN6KSIS1QGLEVN2LIIQIRX75" FOREIGN KEY ("ACCOUNT_ID")
	  REFERENCES "SYS"."ACCOUNT" ("ID") ENABLE;
--------------------------------------------------------
--  Ref Constraints for Table USERS
--------------------------------------------------------

  ALTER TABLE "SYS"."USERS" ADD CONSTRAINT "FK59K2BQW83FXRYVHJ5PB67FSQ4" FOREIGN KEY ("CUSTOMER_ADDRESS_ID")
	  REFERENCES "SYS"."ADDRESS" ("ID") ENABLE;
--------------------------------------------------------
--  Ref Constraints for Table ROLES_PRIVILEGES
--------------------------------------------------------

  ALTER TABLE "SYS"."ROLES_PRIVILEGES" ADD CONSTRAINT "FK5YJWXW2GVFYU76J3RGQWO685U" FOREIGN KEY ("PRIVILEGE_ID")
	  REFERENCES "SYS"."PRIVILEGE" ("ID") ENABLE;
  ALTER TABLE "SYS"."ROLES_PRIVILEGES" ADD CONSTRAINT "FK9H2VEWSQH8LUHFQ71XOKH4WHO" FOREIGN KEY ("ROLE_ID")
	  REFERENCES "SYS"."ROLE" ("ID") ENABLE;
--------------------------------------------------------
--  Ref Constraints for Table USERS_ROLES
--------------------------------------------------------

  ALTER TABLE "SYS"."USERS_ROLES" ADD CONSTRAINT "FKT4V0RRWEYK393BDGT107VDX0X" FOREIGN KEY ("ROLE_ID")
	  REFERENCES "SYS"."ROLE" ("ID") ENABLE;
  ALTER TABLE "SYS"."USERS_ROLES" ADD CONSTRAINT "FK2O0JVGH89LEMVVO17CBQVDXAA" FOREIGN KEY ("USER_ID")
	  REFERENCES "SYS"."USERS" ("ID") ENABLE;
